Employee_id,Name,Salary,City,Jercy_No,HighestScore
101,Virat,12345,Mumbai,23,55
102,Rohit,123456,Pune,44,78
103,Shikhar,234567,Chennai,65,101
104,Yuvraj,345678,Delhi,86,124
105,Dhoni,456789,Surat,107,147
106,Zaheer,567900,Agra,128,170
107,Tendulkar,679011,Begaluru,149,193
108,Sehwag,790122,Vapi,170,216
109,Kaif,901233,Jalgaon,191,239
110,Raina,1012344,Satara,212,262
111,Siraj,1123455,Sangli,233,285
112,Jadega,1234566,Kolhapur,254,308
113,Dubey,1345677,Beed,275,331
114,KL Rahul,1456788,Parbhani,296,354
115,Ganguly,1567899,Nagar,317,377
